product_name,category,customer_name,review_text,created_at
Asus Zenbook 14,Ноутбуки,Иван Свиридов,"Система установилась буквально за 10 минут, пока все летает, загружается секунд за 10, выключается тоже быстро, небольшая проблема была с wifi, но скачал драйвера с сайта производителя и все заработало корректно",2026-04-16
Asus Zenbook 14,Ноутбуки,Мария Кузнецова,"Ноутбук пришёл с дефектом экрана, по гарантии заменили на новый, но это было очень неудобно. В остальном устройство хорошее, производительность на уровне, батарея держит долго.",2026-04-17
Asus Zenbook 14,Ноутбуки,Алексей Смирнов,"Замечательный ноутбук от Asus! Уже не первый раз выбираем технику этой фирмы, и пока что Asus ни разу не подводил. Качество сборки на высоте, ноутбук выглядит очень надежным и удобным в использовании. Взяли в подарок, уверены, что новый владелец будет в восторге. Обязательно дополню отзыв после начала эксплуатации и расскажу о впечатлениях от работы",2026-04-17
Asus Zenbook 14,Ноутбуки,Ольга Петрова,"Получила вчера ноутбук, включила , открылся биос, и сразу начал шуметь , как будто взлетает, такой шум вентилятора меня не устраивает, как будто ему много лет,а также греется. хотя он пустой и никаких задач не выполняет. Потрачено время на ожидание ноутбука,он мне нужен был для работы.",2026-04-15
Asus Zenbook 14,Ноутбуки,Дмитрий Васильев,"Лёгкий и компактный, удобно брать с собой в поездки. Батареи хватает на весь рабочий день. Очень доволен.",2026-04-16
Asus Zenbook 14,Ноутбуки,Елена Орлова,"Красивый дизайн, качественный экран. Но клавиатура немного туговата, пальцы устают при долгой печати.",2026-04-16
Asus Zenbook 14,Ноутбуки,Сергей Новиков,"Быстрый, тихий, не греется даже при длительной работе. Идеальный вариант для офиса и дома.",2026-04-16
Asus Zenbook 14,Ноутбуки,Анна Соколова,"Не понравилось, что нет разъёма для карт памяти. Приходится использовать переходник. В остальном ноутбук хороший.",2026-04-15
Asus Zenbook 14,Ноутбуки,Максим Иванов,"Очень тихий, почти не слышно работу вентилятора. Экран яркий, цвета передаются точно. Рекомендую.",2026-04-17
Asus Zenbook 14,Ноутбуки,Наталья Козлова,"Разочарована скоростью зарядки. Полностью заряжается больше 3 часов. В остальном всё нормально.",2026-04-17
Asus Zenbook 14,Ноутбуки,Андрей Лебедев,"Отличный ноутбук для учёбы. Лёгкий, не тормозит, хватает мощности для всех задач.",2026-04-18
Asus Zenbook 14,Ноутбуки,Ирина Волкова,"Экран немного бликует на солнце, неудобно работать на улице. В помещении всё отлично.",2026-04-16
Asus Zenbook 14,Ноутбуки,Павел Сидоров,"Клавиатура удобная, но хотелось бы чуть больший экран. В целом, соотношение цена — качество отличное.",2026-04-17
Asus Zenbook 14,Ноутбуки,Мария Смирнова,"Загружается за 7 секунд — это просто фантастика! Единственный минус — иногда шумит вентилятор под нагрузкой.",2026-04-13
Asus Zenbook 14,Ноутбуки,Иван Петров,"Для работы с тяжёлыми программами подходит идеально. Корпус прочный, ничего не люфтит.",2026-04-13
Asus Zenbook 14,Ноутбуки,Ольга Кузнецова,"Цветопередача отличная, глаза не устают. Жаль, что нет подсветки клавиатуры — неудобно работать вечером.",2026-04-13
Asus Zenbook 14,Ноутбуки,Роман Волков,"Тихий, компактный, долго держит заряд. Единственный недостаток — мало встроенных портов.",2026-04-14
Asus Zenbook 14,Ноутбуки,Виктория Морозова,"Быстрая работа, стильный дизайн. За свои деньги — лучший выбор!",2026-04-14
Asus Zenbook 14,Ноутбуки,Георгий Белов,"Греется под нагрузкой, но это ожидаемо для тонкого ноутбука. Производительность радует.",2026-04-14